town_id,town_name,lat,lon,date,temp_min,temp_max,temp_avg,humidity_avg,humidity_max,dew_point_avg,wind_speed_avg,wind_speed_max,precipitation_total,clouds_avg
1,哈尔滨市,45.58,126.29,2026-04-24,4.72,21.47,13.1,28,28,-1.48,8.83,13.32,0.5,42
2,尚志市,45.21,127.96,2026-04-24,2.87,18.68,10.8,30,30,-2.27,6.46,12.86,8.8,2
3,五常市,44.92,127.16,2026-04-24,3.25,19.73,11.5,28,28,-0.47,7,12.35,0.6,3
4,巴彦县,46.08,127.4,2026-04-24,2.79,17.07,9.9,31,31,-3.6,9.41,15.38,0.1,7
5,宾县,45.75,127.48,2026-04-24,2.35,17.3,9.8,29,29,-2.82,7.56,13.26,0.7,2
6,方正县,45.83,128.82,2026-04-24,0.64,17.74,9.2,23,23,-5.72,5.69,11.57,1.2,9
7,木兰县,45.95,128.04,2026-04-24,1.73,16.95,9.3,31,31,-3.95,7.9,13.19,1.0,1
8,通河县,45.97,128.75,2026-04-24,1.45,16.9,9.2,28,28,-5,7.56,11.94,1.4,10
9,延寿县,45.45,128.33,2026-04-24,1.68,17.25,9.5,28,28,-3.75,7.44,12.24,1.8,3
10,依兰县,46.31,129.56,2026-04-24,0.46,14.74,7.6,30,30,-5.29,6.94,11.39,0,42
11,齐齐哈尔市,47.35,123.84,2026-04-24,4.99,13.51,9.2,37,37,-4.21,9.23,14.84,0,100
12,讷河市,48.46,124.88,2026-04-24,3.3,8.49,5.9,41,41,-4.28,6.29,13.7,2.1,100
13,拜泉县,47.6,126.09,2026-04-24,2.68,13.16,7.9,29,29,-4.99,8.92,14.83,1.5,73
14,富裕县,47.77,124.47,2026-04-24,4.19,11.6,7.9,42,42,-3.21,6.8,14.47,0.7,100
15,甘南县,47.91,123.5,2026-04-24,4.88,12.52,8.7,43,43,-2.41,8.17,11.7,0,100
16,克东县,48.04,126.25,2026-04-24,1.97,12.02,7.0,31,31,-5.3,8.08,13.72,1.8,90
17,克山县,48.04,125.88,2026-04-24,2.88,11.6,7.2,29,29,-5.59,7.39,13.71,0.8,100
18,龙江县,47.33,123.2,2026-04-24,4.8,13.25,9.0,35,35,-3.9,8.9,13.61,0,100
19,泰来县,46.39,123.41,2026-04-24,6.96,14.8,10.9,30,30,-4.14,8.27,17.02,0,100
20,依安县,47.89,125.3,2026-04-24,3.63,11.03,7.3,34,34,-4.81,6.91,14.03,0.1,100
21,牡丹江市,44.57,129.55,2026-04-24,0.37,15.94,8.2,30,30,-4.46,6.96,11.58,1.7,4
22,东宁市,44.09,131.12,2026-04-24,0.77,12.66,6.7,36,36,-4.65,7.07,9.65,0,1
23,海林市,44.59,129.37,2026-04-24,0.62,15.54,8.1,33,33,-4.23,7.2,11.59,2.3,4
24,穆棱市,44.92,130.52,2026-04-24,-0.03,13.51,6.7,29,29,-6.42,6.87,13.83,1.1,15
25,宁安市,44.34,129.48,2026-04-24,0.97,15.79,8.4,31,31,-3.1,8.33,12.74,1.0,2
26,绥芬河市,44.41,131.16,2026-04-24,-2.74,9.52,3.4,35,35,-6.54,4.9,9.5,0,9
27,林口县,45.28,130.27,2026-04-24,-0.3,13.84,6.8,29,29,-6.53,6.93,14.49,0.5,51
28,佳木斯市,46.8,130.31,2026-04-24,1.16,12.83,7.0,32,32,-4.92,7.32,14.6,0.2,32
29,抚远市,48.36,134.3,2026-04-24,-0.22,9.11,4.4,49,49,-2.28,4.55,7.6,0,8
30,富锦市,46.33,132.19,2026-04-24,0.04,11.08,5.6,40,40,-3.87,7.54,15.54,0,25
31,同江市,47.64,132.5,2026-04-24,0.24,9.72,5.0,48,48,-1.88,5.87,11.07,0,6
32,桦川县,46.24,130.55,2026-04-24,0.28,12.16,6.2,34,34,-4.73,9.51,16.7,0.1,76
33,桦南县,46.24,130.55,2026-04-24,0.28,12.16,6.2,34,34,-4.73,9.51,16.7,0.1,76
34,汤原县,46.73,129.9,2026-04-24,0.69,13.01,6.8,33,33,-4.81,6.95,12.49,0.1,57
35,大庆市,46.58,125.1,2026-04-24,4.85,17.27,11.1,26,26,-4.04,9.25,14.76,0.3,69
36,杜尔伯特蒙古族自治县,46.86,124.44,2026-04-24,5.25,14.13,9.7,30,30,-4.12,8.49,14.88,0.2,99
37,林甸县,47.17,124.86,2026-04-24,4.54,15,9.8,28,28,-5.17,8.05,15.04,0.1,96
38,肇源县,45.52,125.08,2026-04-24,6.05,20.96,13.5,30,30,1.5,8.64,14.23,0.1,22
39,肇州县,45.7,125.26,2026-04-24,5.6,20.54,13.1,29,29,0.52,9.24,14.48,0.2,31
40,鸡西市,45.3,125.1,2026-04-24,6.32,21.06,13.7,28,28,1.17,8.63,14.1,0.2,39
41,虎林市,45.76,132.93,2026-04-24,0.26,10.89,5.6,44,44,-2.68,9.26,19.72,0,10
42,密山市,45.53,131.84,2026-04-24,-0.33,9.01,4.3,42,42,-3.74,6.52,12.78,0,79
43,鸡东县,45.26,131.12,2026-04-24,-0.05,12.9,6.4,34,34,-5.03,6.87,12.12,0.7,53
44,双鸭山市,46.64,131.15,2026-04-24,0.39,11.49,5.9,38,38,-3.96,5.95,12.51,0,62
45,宝清县,46.33,132.19,2026-04-24,0.04,11.08,5.6,40,40,-3.87,7.54,15.54,0,25
46,集贤县,46.73,131.13,2026-04-24,0.63,11.82,6.2,40,40,-3.28,6.38,11.62,0,63
47,饶河县,46.79,134.01,2026-04-24,-0.95,11.08,5.1,43,43,-2.09,2.81,5.09,0,12
48,友谊县,46.77,131.8,2026-04-24,0.25,11.34,5.8,42,42,-2.98,6.99,14.26,0,34
49,伊春市,47.72,128.84,2026-04-24,-1.62,11.6,5.0,33,33,-5.28,7.15,12.08,1,35
50,铁力市,46.98,128.02,2026-04-24,0.32,13.78,7.0,29,29,-5.14,7.96,15.37,0.8,12
51,大箐山县,47.14,129.28,2026-04-24,-1.85,10.98,4.6,34,34,-5.53,6.16,10.15,0.9,19
52,丰林县,48.29,129.53,2026-04-24,-2.22,10.09,3.9,37,37,-4.78,5.91,12.08,0,63
53,嘉荫县,48.89,130.39,2026-04-24,-0.31,11.39,5.5,39,39,-3.08,7.76,14.99,0.1,56
54,南岔县,47.14,129.28,2026-04-24,-1.85,10.98,4.6,34,34,-5.53,6.16,10.15,0.9,19
55,汤旺县,48.45,129.43,2026-04-24,-2.75,9.5,3.4,37,37,-5.15,6.36,12.47,0.4,59
56,七台河市,45.77,131.0,2026-04-24,0.31,11.51,5.9,35,35,-4.97,6.86,14.96,0.2,80
57,勃利县,45.75,130.57,2026-04-24,-0.13,13.14,6.5,32,32,-5.68,6.08,16.25,0.3,96
58,鹤岗市,47.35,130.29,2026-04-24,-0.49,10.73,5.1,42,42,-3.31,6.76,11.4,0,24
59,萝北县,47.57,130.84,2026-04-24,0.61,10.75,5.7,44,44,-2.47,7.36,13.58,0,37
60,绥滨县,47.29,131.85,2026-04-24,0.36,10.86,5.6,44,44,-2.74,7.47,14.89,0,10
61,黑河市,50.24,127.52,2026-04-24,0.64,11.7,6.2,33,33,-5.26,7.16,10.92,6.2,93
62,北安市,48.24,126.49,2026-04-24,1.54,11.55,6.5,30,30,-5.85,7.18,12.85,2.7,99
63,嫩江市,49.18,125.22,2026-04-24,2.49,6.94,4.7,51,51,-2.76,5.66,13.69,1.6,100
64,五大连池市,48.51,126.19,2026-04-24,1.73,10.81,6.3,30,30,-6.39,6.55,13.2,2.5,100
65,孙吴县,49.43,127.33,2026-04-24,0.68,11.63,6.2,31,31,-6.13,5.59,10.31,7.4,100
66,逊克县,49.57,128.48,2026-04-24,0.65,12.71,6.7,31,31,-5.08,8.59,13.35,2.4,46
67,绥化市,46.65,126.96,2026-04-24,3.64,13.98,8.8,31,31,-4.18,9.49,15.45,0.6,17
68,安达市,46.45,125.3,2026-04-24,4.54,17.98,11.3,26,26,-3.66,9.32,14.96,0.4,60
69,海伦市,47.46,126.97,2026-04-24,1.95,13.67,7.8,28,28,-5.5,8.16,12.55,2.7,34
70,肇东市,46.06,125.98,2026-04-24,3.84,18.97,11.4,26,26,-3.12,9.23,13.74,0.5,41
71,兰西县,46.26,126.29,2026-04-24,3.46,17.28,10.4,27,27,-3.36,9.42,15.04,0.8,43
72,明水县,47.17,125.91,2026-04-24,2.88,13.77,8.3,28,28,-4.9,9.05,14.85,0.5,65
73,青冈县,46.69,126.1,2026-04-24,3.48,15.81,9.6,28,28,-4.17,9.68,14.54,0.5,48
74,庆安县,46.88,127.5,2026-04-24,1.73,14.74,8.2,25,25,-6.02,9.51,15.36,3.1,15
75,绥棱县,47.24,127.11,2026-04-24,2.01,14.65,8.3,26,26,-6.02,8.46,12.69,0.4,20
76,望奎县,46.83,126.48,2026-04-24,3.67,14.52,9.1,29,29,-4.26,9.02,14.73,1.2,45
77,加格达奇区,52.5,123.9,2026-04-24,-3.59,3.13,-0.2,74,74,-1.87,3.05,10.32,3.9,100
78,漠河市,52.97,122.54,2026-04-24,-1.35,5.36,2.0,44,44,-6.35,4.4,6.48,2.6,44
79,呼玛县,51.73,126.65,2026-04-24,-0.01,8.3,4.1,43,43,-3.7,5.73,12.21,7.0,100
80,塔河县,52.33,124.7,2026-04-24,-1.45,3.46,1.0,90,90,0.61,4.66,10.67,8.3,100
81,长春市,43.88,125.31,2026-04-24,9.15,22.52,15.8,29,29,2.1,8.85,12.55,0,51
82,公主岭市,43.5,124.82,2026-04-24,9.58,21.68,15.6,33,33,3.88,9.07,11.57,0,65
83,德惠市,44.53,125.7,2026-04-24,7.27,22.94,15.1,25,25,0.19,8.91,12.99,0,20
84,榆树市,44.82,126.55,2026-04-24,4.99,21.78,13.4,26,26,-0.68,8.27,13.11,1.4,4
85,农安县,44.43,125.18,2026-04-24,7.88,22.23,15.1,26,26,0.94,8.73,12.64,0,52
86,吉林市,43.83,126.55,2026-04-24,5.83,22.27,14.1,25,25,-0.37,7.65,13.01,1.5,15
87,蛟河市,43.72,127.34,2026-04-24,3.64,20.1,11.9,35,35,0.46,4.49,7.6,5.2,5
88,桦甸市,42.97,126.74,2026-04-24,6.14,22.29,14.2,23,23,-0.84,7.96,15.92,2.0,26
89,舒兰市,44.41,126.96,2026-04-24,4.77,20.63,12.7,29,29,0.23,7.39,13.79,7.9,4
90,磐石市,42.94,126.06,2026-04-24,7.45,22.15,14.8,27,27,0.88,7.52,13.89,1.4,60
91,永吉县,43.67,126.5,2026-04-24,6.2,21.76,14.0,27,27,-0.18,7.45,11.91,1.9,12
92,四平市,43.16,124.35,2026-04-24,11.05,22.08,16.6,33,33,4.25,9.37,15.52,0,100
93,双辽市,43.52,123.5,2026-04-24,10.39,21.58,16.0,38,38,4.17,7.71,13.19,0,100
94,梨树县,43.3,124.33,2026-04-24,11.24,21.89,16.6,33,33,3.87,9.16,14.32,0,96
95,伊通满族自治县,43.34,125.3,2026-04-24,9.29,21.97,15.6,32,32,3.78,8.98,12.04,0.4,46
96,辽源市,42.88,125.14,2026-04-24,9.01,22.46,15.7,32,32,4.18,9.16,13.09,0.5,57
97,东丰县,42.67,125.53,2026-04-24,8.53,22.54,15.5,30,30,2.56,7.78,14.12,1.8,13
98,东辽县,42.92,124.99,2026-04-24,9.01,22.27,15.6,34,34,4.41,9.39,12.85,0.5,72
99,通化市,41.73,125.94,2026-04-24,7.04,19.96,13.5,27,27,-0.94,6.77,12.51,0.5,49
100,梅河口市,42.53,125.68,2026-04-24,8.85,22.82,15.8,28,28,1.53,8.31,16.01,1.5,28
101,集安市,41.12,126.19,2026-04-24,6.82,22.68,14.8,25,25,-0.39,6.54,10.93,0,64
102,通化县,41.68,125.76,2026-04-24,6.71,20.27,13.5,28,28,-0.54,7.5,12.44,0.4,44
103,辉南县,42.68,126.04,2026-04-24,8.31,22.23,15.3,26,26,0.78,7.78,14.56,1.5,34
104,柳河县,42.28,125.74,2026-04-24,8.11,21.96,15.0,27,27,0.43,7.07,8.96,0.6,28
105,白山市,41.93,126.42,2026-04-24,5.05,19.35,12.2,28,28,-0.16,6.26,11.59,0.2,43
106,临江市,41.81,126.92,2026-04-24,4.12,19.68,11.9,24,24,-2.65,5.6,11.29,0,39
107,抚松县,42.33,127.28,2026-04-24,5.02,21.59,13.3,21,21,-3.7,6.11,10.84,0.5,40
108,靖宇县,42.38,126.81,2026-04-24,5.78,20.93,13.4,23,23,-2.32,5.42,12.56,0.5,33
109,长白朝鲜族自治县,41.41,128.2,2026-04-24,4.37,20.47,12.4,20,20,-5.61,6.39,7.38,0,27
110,松原市,45.14,124.82,2026-04-24,7.19,20.99,14.1,28,28,1.2,8.85,14.92,0.2,46
111,扶余市,44.98,126.05,2026-04-24,5.44,22.1,13.8,26,26,-0.55,9.19,13.35,0.3,20
112,长岭县,44.27,123.96,2026-04-24,8.54,19.65,14.1,34,34,2.14,8.8,15.23,0,100
113,乾安县,45.0,124.03,2026-04-24,8.46,18.56,13.5,32,32,1.44,8.16,16.27,0,70
114,前郭尔罗斯蒙古族自治县,45.11,124.82,2026-04-24,7.22,20.99,14.1,28,28,1.22,8.91,14.95,0.2,45
115,白城市,41.93,126.42,2026-04-24,5.05,19.35,12.2,28,28,-0.16,6.26,11.59,0.2,43
116,洮南市,45.36,122.79,2026-04-24,8.43,17.28,12.9,27,27,-2.61,8.07,17.01,0,100
117,大安市,45.51,124.29,2026-04-24,6.91,18.2,12.6,33,33,1.44,8.17,15.9,0,69
118,镇赉县,45.85,123.2,2026-04-24,7.91,15.78,11.8,30,30,-2.87,8.64,17.27,0,100
119,通榆县,44.8,123.09,2026-04-24,9.28,18.61,13.9,34,34,1.13,7.9,16.33,0,100
120,延吉市,42.89,129.5,2026-04-24,3.32,16.1,9.7,32,32,-2.4,7.09,9.77,0.2,6
121,图们市,42.97,129.84,2026-04-24,2.83,14.14,8.5,28,28,-5.42,7.58,11.2,0,7
122,敦化市,43.37,128.23,2026-04-24,1.02,16.5,8.8,33,33,-0.88,8.6,12.24,2.0,3
123,珲春市,42.86,130.36,2026-04-24,3.09,12.45,7.8,27,27,-6.02,6.93,10.57,0,10
124,龙井市,42.76,129.42,2026-04-24,3.17,16.63,9.9,32,32,-1.9,6.67,7.49,0.2,4
125,和龙市,42.54,129.0,2026-04-24,2.4,17.89,10.1,29,29,-2.8,4.04,3.66,0,9
126,汪清县,43.31,129.76,2026-04-24,1.31,13,7.2,37,37,-2.42,6.62,11.92,0.1,5
127,安图县,43.11,128.9,2026-04-24,2.31,15.63,9.0,36,36,-1.24,6.35,9.88,0,6
128,海拉尔区,49.23,119.82,2026-04-24,-1.02,5.23,2.1,25,25,-14.02,9.06,11.13,0,2
129,满洲里市,49.58,117.43,2026-04-24,-3.48,5.47,1.0,20,20,-17.12,9.99,12.01,0,0
130,牙克石市,49.28,120.73,2026-04-24,-2.06,4.29,1.1,34,34,-11.23,8.1,10.87,4.0,12
131,扎兰屯市,48.01,122.75,2026-04-24,2.32,11.54,6.9,39,39,-4.47,8.95,10.36,0,100
132,额尔古纳市,50.24,120.18,2026-04-24,-1.51,5.02,1.8,27,27,-13.31,7.78,12.2,0.4,34
133,根河市,50.78,121.52,2026-04-24,-3.99,3.1,-0.4,49,49,-8.02,4.92,6.81,1.6,92
134,阿荣旗,48.12,123.45,2026-04-24,3.96,11.88,7.9,67,67,1.18,8.07,11.87,0.1,100
135,陈巴尔虎旗,49.33,119.43,2026-04-24,-1.23,5.75,2.3,19,19,-16.36,9.19,11.44,0,28
136,新巴尔虎左旗,48.22,118.27,2026-04-24,-0.64,6.36,2.9,16,16,-18.93,8.56,12.58,0,0
137,新巴尔虎右旗,48.67,116.82,2026-04-24,-1.39,7.35,3.0,14,14,-19.98,8.94,11.93,0,0
138,莫力达瓦达斡尔族自治旗,48.48,124.51,2026-04-24,3.37,9.18,6.3,50,50,-3,5.11,12.14,0.7,100
139,鄂伦春自治旗,50.59,123.72,2026-04-24,-1.56,6.72,2.6,60,60,-2.22,4.75,11.23,2.4,100
140,鄂温克族自治旗,49.15,119.75,2026-04-24,-0.71,5.46,2.4,25,25,-14.24,9.15,11.24,0.2,2
141,乌兰浩特市,46.07,122.09,2026-04-24,6.06,16.01,11.0,29,29,-3.51,8.76,15.64,0.1,100
142,阿尔山市,47.17,119.93,2026-04-24,-0.36,4.65,2.1,28,28,-13.04,10.64,15.47,0.3,97
143,突泉县,45.38,121.56,2026-04-24,5.88,16.93,11.4,26,26,-3.63,8.25,10.45,0,97
144,科尔沁右翼前旗,46.08,121.95,2026-04-24,5.56,15.89,10.7,29,29,-3.37,9.26,15.08,0.1,100
145,科尔沁右翼中旗,45.06,121.47,2026-04-24,6.33,17.11,11.7,24,24,-3.74,8.9,10.3,0,67
146,扎赉特旗,46.72,122.89,2026-04-24,6.26,14.65,10.5,32,32,-3.73,8.62,15.11,0,100
147,科尔沁区,43.65,122.24,2026-04-24,9.89,20.27,15.1,33,33,1.33,7.35,10.74,0,100
148,霍林郭勒市,45.53,119.66,2026-04-24,4.47,10.84,7.7,21,21,-12.13,9.93,13.74,0,48
149,开鲁县,43.6,121.31,2026-04-24,10.77,20.99,15.9,22,22,-3.99,7.98,9.31,0,100
150,科尔沁左翼中旗,44.12,123.31,2026-04-24,9.98,19.77,14.9,37,37,3.8,7.9,11.25,0,100
151,科尔沁左翼后旗,42.96,122.36,2026-04-24,9.95,21.96,16.0,38,38,5.13,8.4,13.51,0,100
152,库伦旗,42.73,121.81,2026-04-24,10.4,21.66,16.0,31,31,3.71,8.35,9.26,0,100
153,奈曼旗,42.84,120.66,2026-04-24,12.58,20.24,16.4,23,23,-3.55,9.75,12.39,0,100
154,扎鲁特旗,44.56,120.91,2026-04-24,8.22,18.83,13.5,19,19,-5.53,8.85,10.36,0,46
155,赤峰市,42.26,118.89,2026-04-24,12.58,20.11,16.3,21,21,-5.02,8.05,12.85,0,100
156,林西县,43.61,118.06,2026-04-24,7.3,17.84,12.6,15,15,-11.61,8.18,12.83,0,25
157,宁城县,41.6,119.34,2026-04-24,11.71,21.72,16.7,28,28,1.97,7.49,9.15,0,100
158,阿鲁科尔沁旗,43.88,120.09,2026-04-24,8.97,20.16,14.6,16,16,-8.16,10.21,12.89,0,89
159,巴林左旗,43.98,119.38,2026-04-24,9.92,19.19,14.6,13,13,-11.4,10.42,16.09,0,58
160,巴林右旗,43.53,118.67,2026-04-24,8.55,18.53,13.5,13,13,-11.33,8.74,14.48,0,68
161,克什克腾旗,43.26,117.54,2026-04-24,7.85,16.71,12.3,14,14,-12.05,4.96,7.35,0,46
162,翁牛特旗,42.94,119.02,2026-04-24,11.96,19.19,15.6,20,20,-5.86,10.46,15.29,0,99
163,喀喇沁旗,41.93,118.7,2026-04-24,10.89,18.3,14.6,29,29,-1.19,5.53,11.42,0,100
164,敖汉旗,42.29,119.92,2026-04-24,12.93,19.03,16.0,22,22,-4.88,9.37,11.26,0,100
165,沈阳市,41.79,123.45,2026-04-24,14.21,24.54,19.4,30,30,3.08,8.69,14.82,0,100
166,新民市,41.98,122.83,2026-04-24,12.64,22.84,17.7,35,35,5.53,9.61,15.82,0,100
167,康平县,42.5,123.43,2026-04-24,13.08,22.59,17.8,34,34,4.82,9.57,15.5,0.5,100
168,法库县,42.5,123.43,2026-04-24,13.08,22.59,17.8,34,34,4.82,9.57,15.5,0.5,100
169,大连市,38.92,121.64,2026-04-24,11.61,22.02,16.8,46,46,5.68,4.78,12.51,0,4
170,瓦房店市,39.62,122.0,2026-04-24,11.65,22.62,17.1,32,32,3.3,9.04,11.97,0,11
171,庄河市,39.68,122.96,2026-04-24,8.27,16.72,12.5,51,51,5.35,7.38,10.07,0,21
172,长海县,39.28,122.59,2026-04-24,9.42,10.98,10.2,79,79,6.82,6.79,9.34,0,9
173,鞍山市,41.10,122.99,2026-04-24,13.53,24.28,18.9,25,25,1.67,10.94,14.53,2.0,98
174,海城市,40.85,122.75,2026-04-24,12.22,23.5,17.9,24,24,1.5,10.83,14.94,1.3,100
175,台安县,41.38,122.43,2026-04-24,12.65,21.61,17.1,35,35,4.78,10.59,15.96,0.2,100
176,岫岩满族自治县,40.29,123.28,2026-04-24,9.3,24.08,16.7,31,31,3.37,6.96,9.7,0,48
177,抚顺市,41.88,123.96,2026-04-24,10.97,23.83,17.4,32,32,4.31,10.42,13.48,0.4,85
178,抚顺县,41.88,123.91,2026-04-24,11.38,24.11,17.7,32,32,4.33,10.32,13.52,0.3,87
179,新宾满族自治县,41.73,125.03,2026-04-24,6.71,20.66,13.7,28,28,1.31,6.15,9.86,0.2,55
180,清原满族自治县,42.1,124.92,2026-04-24,8.53,21.91,15.2,28,28,2.08,6.89,14.84,1.3,44
181,本溪市,41.29,123.77,2026-04-24,10.96,23.74,17.4,27,27,0.86,7.77,12.4,1.4,100
182,本溪满族自治县,41.3,124.11,2026-04-24,9.51,23.03,16.3,27,27,-0.33,5.88,10.25,0.3,91
183,桓仁满族自治县,41.26,125.35,2026-04-24,7.12,22.15,14.6,22,22,-1.93,5.47,8.19,0.1,71
184,丹东市,40.00,124.35,2026-04-24,9.42,19.75,14.6,19,19,-4.6,7.14,9.21,0,11
185,东港市,39.86,124.15,2026-04-24,8.88,12.88,10.9,58,58,2.43,5.88,8.5,0,8
186,凤城市,40.45,124.06,2026-04-24,8.52,21.36,14.9,25,25,-0.69,6.68,9.1,0,18
187,宽甸满族自治县,40.73,124.78,2026-04-24,7.21,20.27,13.7,24,24,-2.12,8.08,10.2,0,21
188,锦州市,41.09,121.12,2026-04-24,10.65,22.67,16.7,40,40,7.3,6.89,13.85,8.8,99
189,凌海市,41.16,121.35,2026-04-24,9.84,17.76,13.8,51,51,7.22,7.68,16.64,1.4,100
190,北镇市,41.6,121.8,2026-04-24,10.18,22.81,16.5,45,45,7.15,6.22,13.89,0,100
191,黑山县,41.67,122.12,2026-04-24,11.46,22.98,17.2,41,41,6.75,8.78,17.74,0,100
192,义县,41.53,121.23,2026-04-24,11.27,25.37,18.3,38,38,6.91,5.83,11.65,0,100
193,营口市,40.66,122.23,2026-04-24,11.16,14.45,12.8,59,59,6.1,10.93,18.14,0.4,97
194,盖州市,40.4,122.35,2026-04-24,12.15,19.33,15.7,38,38,3.31,10.09,15.15,0.8,72
195,大石桥市,40.63,122.51,2026-04-24,12.64,22.9,17.8,25,25,1.89,10.99,15.1,0.7,100
196,阜新市,42.02,121.67,2026-04-24,12.6,23.65,18.1,40,40,6.58,6.18,14.43,0,100
197,阜新蒙古族自治县,42.06,121.75,2026-04-24,12.89,23.2,18.0,40,40,6.33,5.79,14.93,0,100
198,彰武县,42.38,122.54,2026-04-24,11.46,23.32,17.4,42,42,6.92,8.28,14.85,0,100
199,辽阳市,41.26,123.23,2026-04-24,12.77,24.98,18.9,26,26,2.02,9.88,13.97,1.4,98
200,灯塔市,41.42,123.33,2026-04-24,12.08,24.83,18.5,28,28,2.68,11.16,13.92,0.6,100
201,辽阳县,41.2,123.1,2026-04-24,13.48,24.51,19.0,25,25,1.77,10,14.01,1.4,99
202,盘锦市,41.12,122.07,2026-04-24,11.41,19.18,15.3,43,43,6.33,9.91,16.72,0,100
203,盘山县,41.24,121.99,2026-04-24,11.31,19.74,15.5,44,44,6.7,9.67,16.86,0,100
204,铁岭市,42.22,123.72,2026-04-24,12.84,24.03,18.4,31,31,4.34,10.38,15.3,0,100
205,调兵山市,42.47,123.55,2026-04-24,13.04,22.69,17.9,33,33,4.49,9.75,15.49,0.4,100
206,开原市,42.54,124.03,2026-04-24,11.96,23.51,17.7,32,32,4.7,10.06,14.91,0.1,98
207,铁岭县,42.22,123.72,2026-04-24,12.84,24.03,18.4,31,31,4.34,10.38,15.3,0,100
208,西丰县,42.74,124.72,2026-04-24,9.19,21.75,15.5,34,34,5,9.82,12.53,0,54
209,昌图县,42.78,124.1,2026-04-24,11.26,22.85,17.1,33,33,4.45,9.77,14.95,0,94
210,朝阳市,41.54,120.45,2026-04-24,13.51,25.59,19.6,29,29,4.78,8.22,10,0,100
211,北票市,41.8,120.77,2026-04-24,12.44,24.04,18.2,30,30,4.27,7.38,7.42,0.2,100
212,凌源市,41.24,119.4,2026-04-24,10.93,23.13,17.0,26,26,2.36,7.74,7.79,1.6,100
213,朝阳县,41.57,120.45,2026-04-24,13.5,25.39,19.4,29,29,4.7,8.1,9.95,0,100
214,建平县,41.4,119.64,2026-04-24,11.79,23.66,17.7,31,31,3.71,6.92,9.61,0.9,100
215,喀喇沁左翼蒙古族自治县,41.12,119.74,2026-04-24,11.41,24.23,17.8,35,35,5.51,5.84,9.99,5.4,100
216,葫芦岛市,40.56,120.38,2026-04-24,10.2,26.1,18.1,30,30,7.02,6.19,8,6.5,99
217,兴城市,40.61,120.73,2026-04-24,9.43,17.76,13.6,59,59,7.49,8.84,12.65,5.0,99
218,绥中县,40.32,120.34,2026-04-24,10.08,20.2,15.1,45,45,7.64,9.19,11.7,2.5,100
219,建昌县,40.81,119.8,2026-04-24,11.36,22.3,16.8,36,36,5.91,6.09,9.98,13.1,100
1,哈尔滨市,45.58,126.29,2026-04-25,2.92,11.07,7.0,37,37,-2.94,4.29,9.65,0.5,0
2,尚志市,45.21,127.96,2026-04-25,5.51,12.33,8.9,29,29,-5.08,4.48,10.8,1.4,100
3,五常市,44.92,127.16,2026-04-25,4.81,13.25,9.0,27,27,-5.76,5.63,9.32,4.2,100
4,巴彦县,46.08,127.4,2026-04-25,2.99,9.67,6.3,39,39,-4.37,6.05,11.34,1.7,100
5,宾县,45.75,127.48,2026-04-25,3.57,9.87,6.7,30,30,-6.37,5.02,10.89,1.0,100
6,方正县,45.83,128.82,2026-04-25,5.39,10.31,7.8,43,43,-3.49,5.26,11.19,0.5,100
7,木兰县,45.95,128.04,2026-04-25,3.41,9.67,6.5,40,40,-4.14,6.19,12.56,1.1,99
8,通河县,45.97,128.75,2026-04-25,4.34,9.82,7.1,48,48,-2.49,5.84,12.6,0.7,100
9,延寿县,45.45,128.33,2026-04-25,5.66,11.76,8.7,34,34,-4.24,5.56,10.04,0.8,100
10,依兰县,46.31,129.56,2026-04-25,5.18,10.16,7.7,50,50,-1.47,8.98,16.26,0.6,100
11,齐齐哈尔市,47.35,123.84,2026-04-25,1.87,14.31,8.1,14,14,-13.42,6.04,10.99,0,100
12,讷河市,48.46,124.88,2026-04-25,0.81,11.96,6.4,22,22,-9.04,7.11,10.92,0,18
13,拜泉县,47.6,126.09,2026-04-25,2.02,12.53,7.3,22,22,-9.48,7.16,12.15,0.1,17
14,富裕县,47.77,124.47,2026-04-25,1.71,14.01,7.9,16,16,-11.96,6.77,11.63,0,44
15,甘南县,47.91,123.5,2026-04-25,1.38,13.57,7.5,14,14,-13.01,7.16,11.9,0,82
16,克东县,48.04,126.25,2026-04-25,1.19,11.42,6.3,25,25,-8.59,7.73,11.51,0,1
17,克山县,48.04,125.88,2026-04-25,1.28,12.04,6.7,23,23,-9.15,7.49,11.39,0,0
18,龙江县,47.33,123.2,2026-04-25,2.04,14.21,8.1,13,13,-14.27,5.83,10.82,0,100
19,泰来县,46.39,123.41,2026-04-25,1.68,12.3,7.0,11,11,-16.27,7.35,9.54,1.3,100
20,依安县,47.89,125.3,2026-04-25,1.7,12.96,7.3,20,20,-10.31,6.97,12.14,0,9
21,牡丹江市,44.57,129.55,2026-04-25,4.21,14.05,9.1,38,38,-1.18,5.77,11.49,0,100
22,东宁市,44.09,131.12,2026-04-25,4.59,14.94,9.8,54,54,5.41,4.43,5.99,2.3,100
23,海林市,44.59,129.37,2026-04-25,4.19,14.19,9.2,34,34,-2.37,5.81,10.46,0,100
24,穆棱市,44.92,130.52,2026-04-25,4.58,12.75,8.7,46,46,1.09,5.62,12.63,1.0,100
25,宁安市,44.34,129.48,2026-04-25,3.83,14.5,9.2,46,46,1.42,5.29,10.04,0.1,100
26,绥芬河市,44.41,131.16,2026-04-25,1.05,11.46,6.3,52,52,1.74,3.27,8.75,0.8,100
27,林口县,45.28,130.27,2026-04-25,4.23,12.89,8.6,33,33,-2.64,5.47,13.28,1.6,100
28,佳木斯市,46.8,130.31,2026-04-25,6.64,12.34,9.5,27,27,-6.32,7.36,14.27,0,78
29,抚远市,48.36,134.3,2026-04-25,2.78,10.65,6.7,72,72,2.99,7.46,13.66,2.1,100
30,富锦市,46.33,132.19,2026-04-25,4.54,9.8,7.2,53,53,0.6,8.9,16.63,0.3,100
31,同江市,47.64,132.5,2026-04-25,4.43,11.55,8.0,38,38,-3.26,9.89,16.69,0.3,100
32,桦川县,46.24,130.55,2026-04-25,5.15,9.39,7.3,43,43,-3.3,8.22,14.58,0,100
33,桦南县,46.24,130.55,2026-04-25,5.15,9.39,7.3,43,43,-3.3,8.22,14.58,0,100
34,汤原县,46.73,129.9,2026-04-25,6.37,12.75,9.6,22,22,-8.28,5.61,10.54,0,74
35,大庆市,46.58,125.1,2026-04-25,2.59,12.9,7.7,14,14,-13.73,5.88,10.22,0,70
36,杜尔伯特蒙古族自治县,46.86,124.44,2026-04-25,2.08,12.65,7.4,14,14,-13.61,5.73,10.18,0,77
37,林甸县,47.17,124.86,2026-04-25,2.32,13.23,7.8,14,14,-13.46,6,11.33,0,78
38,肇源县,45.52,125.08,2026-04-25,3,10.79,6.9,31,31,-6.62,5.53,8.42,0.6,100
39,肇州县,45.7,125.26,2026-04-25,2.42,10.39,6.4,29,29,-7.56,5.18,8.89,2.0,100
40,鸡西市,45.3,125.1,2026-04-25,3.97,11.17,7.6,28,28,-6.78,4.42,6.95,0.1,100
41,虎林市,45.76,132.93,2026-04-25,3.82,9.25,6.5,67,67,3.27,9.74,19.44,7.8,100
42,密山市,45.53,131.84,2026-04-25,3.75,10.84,7.3,53,53,1.55,7.1,12.42,4.2,100
43,鸡东县,45.26,131.12,2026-04-25,5.39,13.37,9.4,36,36,-1.22,5.52,8.8,2.4,100
44,双鸭山市,46.64,131.15,2026-04-25,6.03,10.62,8.3,38,38,-3.86,7.76,16.23,0.5,100
45,宝清县,46.33,132.19,2026-04-25,4.54,9.8,7.2,53,53,0.6,8.9,16.63,0.3,100
46,集贤县,46.73,131.13,2026-04-25,6.51,11.03,8.8,37,37,-3.78,8.11,15.99,0.4,100
47,饶河县,46.79,134.01,2026-04-25,2.81,9.02,5.9,74,74,3.92,5.83,14.44,0.5,100
48,友谊县,46.77,131.8,2026-04-25,5.76,11.44,8.6,32,32,-4.29,7.44,13.78,0.4,100
49,伊春市,47.72,128.84,2026-04-25,1.9,10.5,6.2,27,27,-7.43,7.39,12.7,0.8,2
50,铁力市,46.98,128.02,2026-04-25,3.94,11.33,7.6,22,22,-9.33,6.73,10.82,0.6,28
51,大箐山县,47.14,129.28,2026-04-25,3.68,10.92,7.3,22,22,-9.43,6.01,11.28,0.2,0
52,丰林县,48.29,129.53,2026-04-25,1.39,9.32,5.4,29,29,-7.18,6.6,11.78,0.5,40
53,嘉荫县,48.89,130.39,2026-04-25,3.24,10.26,6.8,28,28,-6.99,8.43,16.3,0.4,65
54,南岔县,47.14,129.28,2026-04-25,3.68,10.92,7.3,22,22,-9.43,6.01,11.28,0.2,0
55,汤旺县,48.45,129.43,2026-04-25,0.33,8.12,4.2,30,30,-7.61,6.35,12.39,1.1,54
56,七台河市,45.77,131.0,2026-04-25,5.29,9.2,7.2,52,52,-0.36,6.9,13.59,1.6,100
57,勃利县,45.75,130.57,2026-04-25,4.95,9.36,7.2,45,45,-2,5.71,15.86,0.5,100
58,鹤岗市,47.35,130.29,2026-04-25,4.8,11.58,8.2,21,21,-9.38,6.47,11.47,0,1
59,萝北县,47.57,130.84,2026-04-25,5.83,12.34,9.1,21,21,-8.68,6.78,11.3,0,31
60,绥滨县,47.29,131.85,2026-04-25,5.93,11.84,8.9,35,35,-3.75,8.62,15.03,0.4,100
61,黑河市,50.24,127.52,2026-04-25,1.33,9.09,5.2,31,31,-7.69,6.64,12.83,7.4,100
62,北安市,48.24,126.49,2026-04-25,1.1,11.24,6.2,27,27,-7.73,7.9,11.73,0,3
63,嫩江市,49.18,125.22,2026-04-25,-0.09,10.47,5.2,38,38,-4.78,6.41,9.51,0.1,43
64,五大连池市,48.51,126.19,2026-04-25,0.38,10.43,5.4,32,32,-6.14,7.94,11.06,0,4
65,孙吴县,49.43,127.33,2026-04-25,0.72,8.91,4.8,43,43,-3.58,7.09,10.85,2.2,12
66,逊克县,49.57,128.48,2026-04-25,1.39,9.42,5.4,40,40,-3.78,7.3,10.77,7.6,29
67,绥化市,46.65,126.96,2026-04-25,3.7,11.82,7.8,18,18,-11.05,6.99,12.84,0,67
68,安达市,46.45,125.3,2026-04-25,2.25,12.5,7.4,15,15,-13.06,6.2,10.15,0.3,76
69,海伦市,47.46,126.97,2026-04-25,2.31,11.59,7.0,24,24,-8.57,7.3,12,0.7,6
70,肇东市,46.06,125.98,2026-04-25,1.85,10.46,6.2,25,25,-8.63,5.65,10.66,2.4,100
71,兰西县,46.26,126.29,2026-04-25,1.98,11.08,6.5,22,22,-9.62,5.97,12.2,1.2,97
72,明水县,47.17,125.91,2026-04-25,1.94,11.96,7.0,19,19,-11.04,6.59,11.8,0,66
73,青冈县,46.69,126.1,2026-04-25,3.31,12.16,7.7,16,16,-12.36,6.23,10.86,0,63
74,庆安县,46.88,127.5,2026-04-25,3.76,11.55,7.7,20,20,-10.17,6.6,10.37,0.2,47
75,绥棱县,47.24,127.11,2026-04-25,2.87,11.94,7.4,21,21,-9.71,7.15,11.62,0.3,35
76,望奎县,46.83,126.48,2026-04-25,3.72,12.23,8.0,17,17,-11.55,6.64,12.33,0,55
77,加格达奇区,52.5,123.9,2026-04-25,-4.8,0.67,-2.1,91,91,-0.61,5.61,12.02,5.2,100
78,漠河市,52.97,122.54,2026-04-25,-3.34,4.09,0.4,88,88,0.54,4.72,8.54,2.1,100
79,呼玛县,51.73,126.65,2026-04-25,0.82,4,2.4,99,99,2.09,4.07,9.73,11.1,100
80,塔河县,52.33,124.7,2026-04-25,-2.16,2.38,0.1,97,97,1.95,4.39,10.63,8.9,100
81,长春市,43.88,125.31,2026-04-25,7.38,17.09,12.2,24,24,-5.27,6.8,11.02,0.2,100
82,公主岭市,43.5,124.82,2026-04-25,8.26,18.86,13.6,37,37,2.38,5.62,9.51,5.0,100
83,德惠市,44.53,125.7,2026-04-25,6.55,15.74,11.1,24,24,-6.04,6.6,9.33,0.8,100
84,榆树市,44.82,126.55,2026-04-25,5.13,13.85,9.5,25,25,-6.33,5.96,8.78,4.5,100
85,农安县,44.43,125.18,2026-04-25,6.94,15.76,11.3,25,25,-5.51,6.48,9.24,0.3,100
86,吉林市,43.83,126.55,2026-04-25,8.5,16.16,12.3,32,32,-1.59,4.15,7.5,2.0,100
87,蛟河市,43.72,127.34,2026-04-25,7.57,16.26,11.9,53,53,5.94,4.23,6.69,1.4,100
88,桦甸市,42.97,126.74,2026-04-25,8.85,23.13,16.0,33,33,4.43,8.67,13.98,2.5,70
89,舒兰市,44.41,126.96,2026-04-25,6.42,14.34,10.4,28,28,-4.43,5.8,10.87,0,100
90,磐石市,42.94,126.06,2026-04-25,8.89,22.61,15.8,32,32,4.16,8.83,13.92,2.2,91
91,永吉县,43.67,126.5,2026-04-25,8.16,16.41,12.3,38,38,1.09,4.45,6.5,4.1,100
92,四平市,43.16,124.35,2026-04-25,9.71,22.54,16.1,36,36,4.7,7.11,11.78,4.3,100
93,双辽市,43.52,123.5,2026-04-25,8.01,18.81,13.4,27,27,-2.58,8.26,13.14,0.6,100
94,梨树县,43.3,124.33,2026-04-25,9.26,20.86,15.1,36,36,3.75,5.95,9.89,3.9,100
95,伊通满族自治县,43.34,125.3,2026-04-25,9.22,20.1,14.7,38,38,3.91,6.84,12.29,10.0,100
96,辽源市,42.88,125.14,2026-04-25,9.33,23.32,16.3,34,34,4.42,9.87,16.11,2.2,99
97,东丰县,42.67,125.53,2026-04-25,9.41,23.29,16.4,31,31,3.88,9.56,16.35,0,90
98,东辽县,42.92,124.99,2026-04-25,9.21,23.22,16.2,35,35,4.52,10.41,16.4,2.9,100
99,通化市,41.73,125.94,2026-04-25,8.5,22.18,15.3,28,28,0.84,7.57,15.05,0,21
100,梅河口市,42.53,125.68,2026-04-25,9.66,23.72,16.7,30,30,3.9,9.45,14.39,1.1,52
101,集安市,41.12,126.19,2026-04-25,9.84,23.82,16.8,26,26,2.34,7.47,11.47,0,25
102,通化县,41.68,125.76,2026-04-25,8.21,22.25,15.2,30,30,2.16,8.21,13.9,0,27
103,辉南县,42.68,126.04,2026-04-25,9.59,23.86,16.7,29,29,3.58,9.12,13.17,1.8,63
104,柳河县,42.28,125.74,2026-04-25,8.76,23,15.9,29,29,3.22,7.47,12.88,0.6,26
105,白山市,41.93,126.42,2026-04-25,6.84,20.98,13.9,29,29,1.02,7.37,13.14,0,18
106,临江市,41.81,126.92,2026-04-25,7.45,21.47,14.5,26,26,0.14,6.85,12.89,0,16
107,抚松县,42.33,127.28,2026-04-25,8.36,22.59,15.5,24,24,0.63,7.32,13.32,0.3,19
108,靖宇县,42.38,126.81,2026-04-25,7.68,21.7,14.7,26,26,0.9,7.04,16.77,0,27
109,长白朝鲜族自治县,41.41,128.2,2026-04-25,6.97,21.84,14.4,22,22,-0.9,7.52,11.24,0,98
110,松原市,45.14,124.82,2026-04-25,4.73,12.52,8.6,26,26,-6.13,4.14,6.23,0,99
111,扶余市,44.98,126.05,2026-04-25,6.43,13.53,10.0,25,25,-6.83,5.88,6.85,1.8,100
112,长岭县,44.27,123.96,2026-04-25,6.63,15.15,10.9,25,25,-5.73,7.43,11.43,0,100
113,乾安县,45.0,124.03,2026-04-25,4.29,12.22,8.3,29,29,-4.9,5.25,7.75,0,100
114,前郭尔罗斯蒙古族自治县,45.11,124.82,2026-04-25,4.78,12.67,8.7,26,26,-5.97,4.26,5.89,0,99
115,白城市,41.93,126.42,2026-04-25,6.84,20.98,13.9,29,29,1.02,7.37,13.14,0,18
116,洮南市,45.36,122.79,2026-04-25,4.67,12.47,8.6,29,29,-5.06,5.24,8.52,0.3,100
117,大安市,45.51,124.29,2026-04-25,3.31,10.6,7.0,34,34,-5.56,5.19,8.72,1.2,100
118,镇赉县,45.85,123.2,2026-04-25,2.25,12.03,7.1,25,25,-8.43,4.6,9.82,2.4,100
119,通榆县,44.8,123.09,2026-04-25,5.9,12.78,9.3,27,27,-5.46,6.54,8.36,0.1,100
120,延吉市,42.89,129.5,2026-04-25,3.59,20.21,11.9,46,46,5.85,4.07,6.59,0.2,55
121,图们市,42.97,129.84,2026-04-25,4.06,16.78,10.4,51,51,5.2,5.35,5.67,0,76
122,敦化市,43.37,128.23,2026-04-25,5.46,19.55,12.5,34,34,2.55,8.68,14.6,3.1,94
123,珲春市,42.86,130.36,2026-04-25,4.99,15.53,10.3,51,51,4.94,5.19,5.76,0,93
124,龙井市,42.76,129.42,2026-04-25,3.35,22.66,13.0,41,41,5.28,4.7,8.38,0,50
125,和龙市,42.54,129.0,2026-04-25,6.02,23.28,14.7,18,18,-2.25,6.27,10.41,0,24
126,汪清县,43.31,129.76,2026-04-25,2.66,16.78,9.7,50,50,4.81,4.54,6.11,3.7,63
127,安图县,43.11,128.9,2026-04-25,2.53,23.17,12.9,22,22,-0.32,6.01,14.03,0.9,57
128,海拉尔区,49.23,119.82,2026-04-25,-2.31,9.06,3.4,28,28,-9.6,7.43,10.23,0,39
129,满洲里市,49.58,117.43,2026-04-25,-2.36,8.66,3.2,21,21,-12.41,7.62,9.33,0,94
130,牙克石市,49.28,120.73,2026-04-25,-2.73,7.87,2.6,33,33,-8.14,8.06,10.88,0,17
131,扎兰屯市,48.01,122.75,2026-04-25,1.1,11.85,6.5,15,15,-13.14,8.44,13.24,0,97
132,额尔古纳市,50.24,120.18,2026-04-25,-1.84,7.71,2.9,38,38,-6.87,6.53,10.18,0,77
133,根河市,50.78,121.52,2026-04-25,-4.89,5.25,0.2,40,40,-7.21,4.71,7.73,0,96
134,阿荣旗,48.12,123.45,2026-04-25,0.81,12.91,6.9,15,15,-12.51,7.44,11.66,0,72
135,陈巴尔虎旗,49.33,119.43,2026-04-25,-2.36,9.68,3.7,27,27,-9.55,7,10.08,0,20
136,新巴尔虎左旗,48.22,118.27,2026-04-25,-2.12,8.91,3.4,17,17,-14.51,6.34,7.88,0,98
137,新巴尔虎右旗,48.67,116.82,2026-04-25,-0.16,10.12,5.0,17,17,-14.36,5.04,6.73,0,100
138,莫力达瓦达斡尔族自治旗,48.48,124.51,2026-04-25,1.24,12.47,6.9,19,19,-10.27,7.15,11.87,0,3
139,鄂伦春自治旗,50.59,123.72,2026-04-25,-2.92,7.25,2.2,26,26,-10.04,5.66,8.98,0.2,33
140,鄂温克族自治旗,49.15,119.75,2026-04-25,-2.3,9.28,3.5,27,27,-9.79,7.28,10.23,0,47
141,乌兰浩特市,46.07,122.09,2026-04-25,2.75,10.78,6.8,21,21,-10.32,6.6,12.22,1.9,100
142,阿尔山市,47.17,119.93,2026-04-25,-3.92,5.9,1.0,18,18,-16.36,6.11,9,0,100
143,突泉县,45.38,121.56,2026-04-25,4.37,12.75,8.6,21,21,-8.69,6.67,8.68,0.3,100
144,科尔沁右翼前旗,46.08,121.95,2026-04-25,2.53,10.44,6.5,25,25,-8.65,6.63,12.15,1.9,100
145,科尔沁右翼中旗,45.06,121.47,2026-04-25,3.38,12.72,8.1,28,28,-5.96,6.11,8.76,0.6,100
146,扎赉特旗,46.72,122.89,2026-04-25,2.28,13.04,7.7,11,11,-16.37,6.37,8.47,0,100
147,科尔沁区,43.65,122.24,2026-04-25,7.02,17.31,12.2,23,23,-5.08,8.01,13.02,0,100
148,霍林郭勒市,45.53,119.66,2026-04-25,0.89,9.04,5.0,22,22,-11.05,6.71,10.14,2.5,100
149,开鲁县,43.6,121.31,2026-04-25,7.13,16.85,12.0,20,20,-6.73,7.94,11.53,0,100
150,科尔沁左翼中旗,44.12,123.31,2026-04-25,6.93,15.67,11.3,22,22,-6.66,7.66,11.67,0,100
151,科尔沁左翼后旗,42.96,122.36,2026-04-25,8.53,25.2,16.9,28,28,3.8,8.66,12.61,0.6,100
152,库伦旗,42.73,121.81,2026-04-25,9.81,25.56,17.7,26,26,3.39,8.47,12.47,1.5,100
153,奈曼旗,42.84,120.66,2026-04-25,9.57,25.26,17.4,21,21,-0.89,12.13,14.13,0.5,99
154,扎鲁特旗,44.56,120.91,2026-04-25,3.87,13.45,8.7,27,27,-7.9,6.41,11.65,0.1,100
155,赤峰市,42.26,118.89,2026-04-25,10.18,23.9,17.0,20,20,-0.44,10.39,17.35,0.1,100
156,林西县,43.61,118.06,2026-04-25,6.65,23.74,15.2,10,10,-8.88,10.64,18.16,0,100
157,宁城县,41.6,119.34,2026-04-25,11.05,25.61,18.3,19,19,-0.05,10.94,17.58,0.9,36
158,阿鲁科尔沁旗,43.88,120.09,2026-04-25,5.85,15.02,10.4,16,16,-10.64,7.8,11.48,0,100
159,巴林左旗,43.98,119.38,2026-04-25,6.13,16.09,11.1,14,14,-11.72,6.5,8.54,0,100
160,巴林右旗,43.53,118.67,2026-04-25,7,19.48,13.2,15,15,-7.3,6.91,9.03,0,100
161,克什克腾旗,43.26,117.54,2026-04-25,7.48,22.02,14.8,12,12,-7.88,10.78,16.65,0,84
162,翁牛特旗,42.94,119.02,2026-04-25,8.42,23.01,15.7,13,13,-6.68,8.25,13.81,1.4,93
163,喀喇沁旗,41.93,118.7,2026-04-25,7.79,21.5,14.6,23,23,-0.67,9.28,16.5,0.9,100
164,敖汉旗,42.29,119.92,2026-04-25,10,24.79,17.4,20,20,-0.38,11.35,15.28,2.1,100
165,沈阳市,41.79,123.45,2026-04-25,13.09,25.47,19.3,32,32,7.1,9.27,18.6,1.1,9
166,新民市,41.98,122.83,2026-04-25,11.29,25.04,18.2,31,31,6.46,11.34,21.81,1.8,64
167,康平县,42.5,123.43,2026-04-25,10.89,25.03,18.0,29,29,5.1,10.12,17.74,1.4,100
168,法库县,42.5,123.43,2026-04-25,10.89,25.03,18.0,29,29,5.1,10.12,17.74,1.4,100
169,大连市,38.92,121.64,2026-04-25,13.43,24.02,18.7,34,34,7,6.87,15.97,0,0
170,瓦房店市,39.62,122.0,2026-04-25,11.7,23.39,17.5,29,29,4.3,8.03,14.28,0,0
171,庄河市,39.68,122.96,2026-04-25,8.22,18.26,13.2,52,52,8.1,6.6,14,0,0
172,长海县,39.28,122.59,2026-04-25,9.62,12.16,10.9,83,83,7.54,10.16,19.51,0,3
173,鞍山市,41.10,122.99,2026-04-25,12.66,25.28,19.0,31,31,6.92,10.45,18.12,0,10
174,海城市,40.85,122.75,2026-04-25,12.21,24.56,18.4,32,32,6.79,10.29,17.78,0,8
175,台安县,41.38,122.43,2026-04-25,11.34,23.73,17.5,32,32,5.94,11.26,21.93,0,19
176,岫岩满族自治县,40.29,123.28,2026-04-25,8.73,24.56,16.6,35,35,7.08,7.6,9.59,0,6
177,抚顺市,41.88,123.96,2026-04-25,10.46,25.3,17.9,31,31,6.58,10.83,18.12,0.3,50
178,抚顺县,41.88,123.91,2026-04-25,10.85,25.52,18.2,31,31,6.81,10.91,18.39,0.6,50
179,新宾满族自治县,41.73,125.03,2026-04-25,7.14,22,14.6,32,32,4.25,6.79,12.78,0,25
180,清原满族自治县,42.1,124.92,2026-04-25,8.22,23.58,15.9,28,28,3.76,7.87,15.12,0,55
181,本溪市,41.29,123.77,2026-04-25,11.15,25.72,18.4,30,30,6.02,7.53,14.5,0,12
182,本溪满族自治县,41.3,124.11,2026-04-25,9.78,24.55,17.2,33,33,5.9,5.64,11.55,0.1,10
183,桓仁满族自治县,41.26,125.35,2026-04-25,8.99,23.61,16.3,27,27,3.18,6.16,10.3,0,8
184,丹东市,40.00,124.35,2026-04-25,9.63,18.61,14.1,42,42,5.4,7.26,9.31,0,4
185,东港市,39.86,124.15,2026-04-25,8.94,12.58,10.8,73,73,7.77,6,8.25,0,4
186,凤城市,40.45,124.06,2026-04-25,8.64,22.87,15.8,35,35,6.16,7.05,9.78,0,3
187,宽甸满族自治县,40.73,124.78,2026-04-25,8.28,20.86,14.6,34,34,4.23,8.21,12.38,0,16
188,锦州市,41.09,121.12,2026-04-25,11.35,24.98,18.2,32,32,6.98,10.18,19.9,0,50
189,凌海市,41.16,121.35,2026-04-25,10.02,21.03,15.5,38,38,6.14,10.92,21,0,49
190,北镇市,41.6,121.8,2026-04-25,10.94,23.49,17.2,33,33,6.15,8.93,20.55,0.9,49
191,黑山县,41.67,122.12,2026-04-25,10.6,24.24,17.4,32,32,6.35,11.57,22.04,1.1,44
192,义县,41.53,121.23,2026-04-25,11.96,27.07,19.5,28,28,6.35,9.54,17.94,0.8,48
193,营口市,40.66,122.23,2026-04-25,10.58,16.44,13.5,67,67,7.86,10.14,21.29,0,9
194,盖州市,40.4,122.35,2026-04-25,12.72,19.81,16.3,48,48,8.17,9.4,15.1,0,7
195,大石桥市,40.63,122.51,2026-04-25,13.14,23.73,18.4,33,33,6.52,10.03,17.66,0,10
196,阜新市,42.02,121.67,2026-04-25,12.61,26.17,19.4,29,29,5.68,8.77,16.25,2.1,76
197,阜新蒙古族自治县,42.06,121.75,2026-04-25,12.88,25.64,19.3,29,29,5.39,7.4,15.68,1.7,68
198,彰武县,42.38,122.54,2026-04-25,10.24,25.51,17.9,29,29,5.44,9.91,18.75,3.0,90
199,辽阳市,41.26,123.23,2026-04-25,12.23,26.37,19.3,30,30,7.27,9.46,16.81,0,9
200,灯塔市,41.42,123.33,2026-04-25,11.73,25.3,18.5,31,31,6.87,11.38,17.93,0,14
201,辽阳县,41.2,123.1,2026-04-25,12.37,25.7,19.0,30,30,6.77,9.61,18.02,0,9
202,盘锦市,41.12,122.07,2026-04-25,10.74,21.57,16.2,38,38,6.49,11.6,22.75,0,17
203,盘山县,41.24,121.99,2026-04-25,10.6,22.2,16.4,36,36,6.35,10.91,22.55,0,24
204,铁岭市,42.22,123.72,2026-04-25,11.25,25.75,18.5,28,28,5.43,10.4,17.41,2.5,72
205,调兵山市,42.47,123.55,2026-04-25,10.76,25.05,17.9,28,28,4.64,10.04,18.32,1.4,97
206,开原市,42.54,124.03,2026-04-25,10.44,25.2,17.8,28,28,4.62,10.39,17.43,1.6,90
207,铁岭县,42.22,123.72,2026-04-25,11.25,25.75,18.5,28,28,5.43,10.4,17.41,2.5,72
208,西丰县,42.74,124.72,2026-04-25,9.04,23.54,16.3,32,32,4.67,9.62,16.34,0.9,99
209,昌图县,42.78,124.1,2026-04-25,10.03,24.61,17.3,29,29,4.35,9.66,15.88,3.1,99
210,朝阳市,41.54,120.45,2026-04-25,12.78,28.36,20.6,24,24,4.99,10.35,16.64,1.2,39
211,北票市,41.8,120.77,2026-04-25,11.89,28.55,20.2,24,24,4.65,10.21,16.23,2.2,39
212,凌源市,41.24,119.4,2026-04-25,11.07,25.27,18.2,24,24,3.14,10.22,17.26,0.3,32
213,朝阳县,41.57,120.45,2026-04-25,12.75,28.41,20.6,24,24,5.02,10.35,16.37,1.3,37
214,建平县,41.4,119.64,2026-04-25,11.62,26.39,19.0,23,23,3.18,10.43,17.39,0.4,49
215,喀喇沁左翼蒙古族自治县,41.12,119.74,2026-04-25,11.81,26.61,19.2,26,26,5.05,10.03,16.74,0,54
216,葫芦岛市,40.56,120.38,2026-04-25,11.86,26.8,19.3,28,28,6.38,10.28,19.19,0,17
217,兴城市,40.61,120.73,2026-04-25,9.88,18.41,14.1,57,57,9.33,10.29,18.43,0.3,28
218,绥中县,40.32,120.34,2026-04-25,10.98,22.32,16.6,42,42,8.69,10.8,18.49,0,7
219,建昌县,40.81,119.8,2026-04-25,11.36,24.58,18.0,31,31,5.67,10.8,18.45,0,41
1,哈尔滨市,45.58,126.29,2026-04-26,4.48,14.77,9.6,19,19,-8.28,6.26,8.77,0,0
2,尚志市,45.21,127.96,2026-04-26,4.98,14.36,9.7,23,23,-6,6.09,7.45,0,6
3,五常市,44.92,127.16,2026-04-26,5.81,14.76,10.3,21,21,-7.07,6.39,7.31,0,1
4,巴彦县,46.08,127.4,2026-04-26,3.08,14,8.5,25,25,-5.67,7.12,9.11,0,17
5,宾县,45.75,127.48,2026-04-26,4.39,13.65,9.0,26,26,-5.35,6.23,8.1,0,8
6,方正县,45.83,128.82,2026-04-26,4.25,14.5,9.4,25,25,-4.99,5.94,9.45,0,11
7,木兰县,45.95,128.04,2026-04-26,3.86,14,8.9,27,27,-4.76,6.46,8.25,0,7
8,通河县,45.97,128.75,2026-04-26,4.03,14.22,9.1,26,26,-4.91,6.33,8.6,0,8
9,延寿县,45.45,128.33,2026-04-26,4.72,14.28,9.5,23,23,-5.98,6.69,7.71,0,15
10,依兰县,46.31,129.56,2026-04-26,3.68,14.52,9.1,26,26,-4.58,7.39,8.29,0,19
11,齐齐哈尔市,47.35,123.84,2026-04-26,3.58,13.28,8.4,29,29,-4.34,5.43,8.98,0,44
12,讷河市,48.46,124.88,2026-04-26,1.96,10.15,6.1,39,39,-3.91,6.59,8.47,0,98
13,拜泉县,47.6,126.09,2026-04-26,2.47,9.87,6.2,41,41,-3.25,8.16,8.92,0,84
14,富裕县,47.77,124.47,2026-04-26,3.34,11.42,7.4,36,36,-3.47,6.85,8.17,0,70
15,甘南县,47.91,123.5,2026-04-26,3.91,13.01,8.5,33,33,-3.54,4.84,7.55,0,60
16,克东县,48.04,126.25,2026-04-26,1.72,8.81,5.3,46,46,-2.95,7.15,9.1,0.1,81
17,克山县,48.04,125.88,2026-04-26,2.17,9.68,5.9,46,46,-2.37,7.06,9.39,0,79
18,龙江县,47.33,123.2,2026-04-26,3.88,14.11,9.0,25,25,-5.7,5.88,9.21,0,49
19,泰来县,46.39,123.41,2026-04-26,4.2,15.4,9.8,18,18,-8.65,5.16,8.31,0,19
20,依安县,47.89,125.3,2026-04-26,2.77,10.67,6.7,40,40,-3.09,6.83,8.22,0,73
21,牡丹江市,44.57,129.55,2026-04-26,5.17,14.08,9.6,41,41,-0.07,5.77,7.87,2.7,99
22,东宁市,44.09,131.12,2026-04-26,4.62,9.13,6.9,89,89,4.98,3.17,4.26,11.0,100
23,海林市,44.59,129.37,2026-04-26,5.5,13.95,9.7,37,37,-1.05,5.14,7.37,3.9,100
24,穆棱市,44.92,130.52,2026-04-26,3.27,13.16,8.2,44,44,-0.09,4.08,6.92,3.1,94
25,宁安市,44.34,129.48,2026-04-26,5.71,14.24,10.0,43,43,0.47,5.08,7.09,3.0,96
26,绥芬河市,44.41,131.16,2026-04-26,1.49,9.64,5.6,80,80,2.99,2.36,3.84,8.4,100
27,林口县,45.28,130.27,2026-04-26,3.22,12.79,8.0,45,45,0.3,3.07,5.58,7.2,94
28,佳木斯市,46.8,130.31,2026-04-26,4.4,14.52,9.5,27,27,-4.16,6.36,8.71,0,25
29,抚远市,48.36,134.3,2026-04-26,1.63,11.34,6.5,47,47,0.01,5.77,11.39,0.8,88
30,富锦市,46.33,132.19,2026-04-26,3.72,12.69,8.2,42,42,-0.56,3.94,8.78,0.2,96
31,同江市,47.64,132.5,2026-04-26,4.28,13.15,8.7,39,39,-0.99,4.32,8.38,0.6,46
32,桦川县,46.24,130.55,2026-04-26,3.57,14.23,8.9,28,28,-4.13,6.9,9.27,0,45
33,桦南县,46.24,130.55,2026-04-26,3.57,14.23,8.9,28,28,-4.13,6.9,9.27,0,45
34,汤原县,46.73,129.9,2026-04-26,3.76,15,9.4,24,24,-5.32,6.55,9.93,0,29
35,大庆市,46.58,125.1,2026-04-26,4.3,13.51,8.9,25,25,-5.87,6.53,7.84,0,24
36,杜尔伯特蒙古族自治县,46.86,124.44,2026-04-26,4.04,12.83,8.4,30,30,-4.18,6.27,7.98,0,47
37,林甸县,47.17,124.86,2026-04-26,3.62,12.02,7.8,34,34,-3.18,6.81,8.19,0,65
38,肇源县,45.52,125.08,2026-04-26,4.33,14.88,9.6,18,18,-8.85,5.73,7.57,0,4
39,肇州县,45.7,125.26,2026-04-26,4.2,14.62,9.4,18,18,-9.07,6.08,7.79,0,3
40,鸡西市,45.3,125.1,2026-04-26,4.27,14.9,9.6,19,19,-8.15,5.74,7.2,0,6
41,虎林市,45.76,132.93,2026-04-26,3.95,8.88,6.4,75,75,2.91,3.07,5.25,6.7,100
42,密山市,45.53,131.84,2026-04-26,3.24,12.01,7.6,53,53,1.25,3.94,7.59,5.7,96
43,鸡东县,45.26,131.12,2026-04-26,3,13.09,8.0,45,45,0.24,3.66,4.31,5.0,92
44,双鸭山市,46.64,131.15,2026-04-26,4,13.8,8.9,30,30,-3.08,5.68,10.75,0,51
45,宝清县,46.33,132.19,2026-04-26,3.72,12.69,8.2,42,42,-0.56,3.94,8.78,0.2,96
46,集贤县,46.73,131.13,2026-04-26,4.34,14.08,9.2,31,31,-2.68,5.68,8.85,0,47
47,饶河县,46.79,134.01,2026-04-26,3.3,10.74,7.0,53,53,1.45,2.43,4.16,0.2,100
48,友谊县,46.77,131.8,2026-04-26,4.61,13.17,8.9,36,36,-1.75,4.55,8.79,0,77
49,伊春市,47.72,128.84,2026-04-26,1.06,10.35,5.7,42,42,-1.96,6.67,7.43,1.1,87
50,铁力市,46.98,128.02,2026-04-26,1.78,11.68,6.7,33,33,-3.85,7.05,8.52,0,21
51,大箐山县,47.14,129.28,2026-04-26,0.35,12.63,6.5,23,23,-7.4,5.79,7.39,0,56
52,丰林县,48.29,129.53,2026-04-26,0.59,9.71,5.2,39,39,-3.26,4.29,5.33,0.7,99
53,嘉荫县,48.89,130.39,2026-04-26,1.19,11.04,6.1,36,36,-3.05,4.49,5.54,12.3,100
54,南岔县,47.14,129.28,2026-04-26,0.35,12.63,6.5,23,23,-7.4,5.79,7.39,0,56
55,汤旺县,48.45,129.43,2026-04-26,0.23,8.54,4.4,44,44,-3.13,4.49,4.74,2.2,100
56,七台河市,45.77,131.0,2026-04-26,2.82,12.72,7.8,39,39,-1.08,2.86,3.93,1.8,94
57,勃利县,45.75,130.57,2026-04-26,2.96,13.42,8.2,34,34,-1.94,3.25,6.67,0.7,98
58,鹤岗市,47.35,130.29,2026-04-26,2.24,12.72,7.5,30,30,-4.08,5,7.25,0,70
59,萝北县,47.57,130.84,2026-04-26,2.53,12.9,7.7,31,31,-3.37,5.74,6.17,0.7,95
60,绥滨县,47.29,131.85,2026-04-26,4.31,13.83,9.1,34,34,-2.16,5.65,9.9,0.9,48
61,黑河市,50.24,127.52,2026-04-26,2.39,7.25,4.8,81,81,1.98,5.1,7.35,4.1,100
62,北安市,48.24,126.49,2026-04-26,1.59,8.93,5.3,46,46,-2.81,7.39,9.28,0.4,96
63,嫩江市,49.18,125.22,2026-04-26,0.7,8.75,4.7,46,46,-2.69,6.51,8.72,0,100
64,五大连池市,48.51,126.19,2026-04-26,1.49,9.18,5.3,52,52,-1.8,7.12,9.67,0.2,97
65,孙吴县,49.43,127.33,2026-04-26,1.06,5.94,3.5,79,79,1.45,4.89,8.87,6.7,99
66,逊克县,49.57,128.48,2026-04-26,2.38,7.19,4.8,67,67,1.36,3.64,7.58,3.0,100
67,绥化市,46.65,126.96,2026-04-26,3.68,12.01,7.8,32,32,-3.78,7.19,8.82,0,32
68,安达市,46.45,125.3,2026-04-26,4.07,13.87,9.0,24,24,-6.17,6.69,9.02,0,24
69,海伦市,47.46,126.97,2026-04-26,2.75,9.91,6.3,42,42,-2.35,7.87,9.12,0.6,84
70,肇东市,46.06,125.98,2026-04-26,4.15,14.26,9.2,22,22,-7.03,6.62,9,0,17
71,兰西县,46.26,126.29,2026-04-26,3.83,13.52,8.7,25,25,-5.94,6.95,9.19,0,21
72,明水县,47.17,125.91,2026-04-26,2.73,10.72,6.7,37,37,-3.53,7.49,8.9,0,71
73,青冈县,46.69,126.1,2026-04-26,3.37,11.49,7.4,32,32,-4.09,7.14,11.49,0,47
74,庆安县,46.88,127.5,2026-04-26,2.63,11.44,7.0,34,34,-3.42,7.21,10.27,0,23
75,绥棱县,47.24,127.11,2026-04-26,3.03,10.91,7.0,39,39,-2.44,7.92,11.19,0.3,51
76,望奎县,46.83,126.48,2026-04-26,3.59,11.34,7.5,34,34,-3.49,7.71,10.96,0,50
77,加格达奇区,52.5,123.9,2026-04-26,-1.4,2.3,0.4,96,96,1.47,2.15,5.82,1.8,100
78,漠河市,52.97,122.54,2026-04-26,0.04,6.32,3.2,81,81,2.27,3.39,5.48,2.6,100
79,呼玛县,51.73,126.65,2026-04-26,-0.19,6.65,3.2,64,64,0.25,3.56,5.51,0.6,100
80,塔河县,52.33,124.7,2026-04-26,-0.28,3.58,1.6,97,97,2.6,2.58,6.98,3.6,100
81,长春市,43.88,125.31,2026-04-26,7.7,15.96,11.8,17,17,-8.79,5.39,8.88,0,0
82,公主岭市,43.5,124.82,2026-04-26,8.49,15.65,12.1,22,22,-6.06,5.64,8.86,1.5,2
83,德惠市,44.53,125.7,2026-04-26,6.74,15.58,11.2,17,17,-8.89,5.48,6.58,0,1
84,榆树市,44.82,126.55,2026-04-26,6.42,14.77,10.6,19,19,-8.15,6.05,7.12,0,1
85,农安县,44.43,125.18,2026-04-26,6.09,15.48,10.8,16,16,-9.66,5.65,6.38,0,2
86,吉林市,43.83,126.55,2026-04-26,7.54,15.1,11.3,30,30,-2.79,5.3,7.27,5.7,7
87,蛟河市,43.72,127.34,2026-04-26,6.37,14.02,10.2,39,39,-0.4,4.82,8.25,15.0,74
88,桦甸市,42.97,126.74,2026-04-26,7.34,14.59,11.0,45,45,1.96,8.42,15,14.4,86
89,舒兰市,44.41,126.96,2026-04-26,5.8,14.79,10.3,23,23,-6.01,5.26,6.25,0.5,2
90,磐石市,42.94,126.06,2026-04-26,8.3,14.67,11.5,38,38,-0.14,6.95,15.1,9.5,92
91,永吉县,43.67,126.5,2026-04-26,7.51,14.44,11.0,36,36,-1.15,4.05,9.21,11.1,33
92,四平市,43.16,124.35,2026-04-26,9.47,16,12.7,24,24,-4.71,7.29,10.03,4.6,7
93,双辽市,43.52,123.5,2026-04-26,7.2,16.81,12.0,16,16,-8.75,6.45,11.39,0,0
94,梨树县,43.3,124.33,2026-04-26,9.29,16.22,12.8,21,21,-6.13,7.09,11.1,1.7,1
95,伊通满族自治县,43.34,125.3,2026-04-26,7.77,14.82,11.3,33,33,-1.93,5.73,10.21,9.7,25
96,辽源市,42.88,125.14,2026-04-26,8.79,15.27,12.0,32,32,-1.78,8.74,14.6,8.7,70
97,东丰县,42.67,125.53,2026-04-26,8.47,15.15,11.8,37,37,-0.2,7.9,17.18,8.3,97
98,东辽县,42.92,124.99,2026-04-26,8.53,15.18,11.9,32,32,-1.8,7.77,13.72,10.3,66
99,通化市,41.73,125.94,2026-04-26,6.53,12.77,9.7,74,74,6.11,4.13,10.96,5.3,100
100,梅河口市,42.53,125.68,2026-04-26,8.64,14.98,11.8,44,44,1.44,8.36,17.18,14.2,100
101,集安市,41.12,126.19,2026-04-26,7.77,19.09,13.4,41,41,5.32,6.08,11.46,0.2,92
102,通化县,41.68,125.76,2026-04-26,6.62,12.17,9.4,75,75,6.38,4.08,7.45,5.0,100
103,辉南县,42.68,126.04,2026-04-26,8.56,15.29,11.9,44,44,1.82,7.87,16.59,13.8,97
104,柳河县,42.28,125.74,2026-04-26,6.95,14.66,10.8,74,74,5.93,6.7,18.23,25.1,100
105,白山市,41.93,126.42,2026-04-26,4.74,12.09,8.4,85,85,6.16,5.17,12.6,14.3,100
106,临江市,41.81,126.92,2026-04-26,4.26,11.93,8.1,68,68,5.29,5.27,12.98,3.2,100
107,抚松县,42.33,127.28,2026-04-26,4.64,14.33,9.5,87,87,7.19,5.73,17.22,13.0,100
108,靖宇县,42.38,126.81,2026-04-26,4.64,13.78,9.2,82,82,6.01,6.22,16.55,17.5,100
109,长白朝鲜族自治县,41.41,128.2,2026-04-26,6.05,18.41,12.2,33,33,0.46,8.07,14.68,0.6,100
110,松原市,45.14,124.82,2026-04-26,4.53,15.22,9.9,17,17,-9.13,5.38,6.98,0,2
111,扶余市,44.98,126.05,2026-04-26,5.39,14.69,10.0,18,18,-8.76,6.19,7.23,0,1
112,长岭县,44.27,123.96,2026-04-26,5.11,15.48,10.3,16,16,-9.79,5.04,6.94,0,13
113,乾安县,45.0,124.03,2026-04-26,4.77,15.26,10.0,15,15,-10.65,5.47,7.5,0,1
114,前郭尔罗斯蒙古族自治县,45.11,124.82,2026-04-26,4.51,15.22,9.9,17,17,-9.12,5.34,6.78,0,2
115,白城市,41.93,126.42,2026-04-26,4.74,12.09,8.4,85,85,6.16,5.17,12.6,14.3,100
116,洮南市,45.36,122.79,2026-04-26,4.65,16.19,10.4,13,13,-11.73,5.15,7.68,0,0
117,大安市,45.51,124.29,2026-04-26,4.62,15.01,9.8,17,17,-9.38,5.15,6.61,0,1
118,镇赉县,45.85,123.2,2026-04-26,4.37,15.35,9.9,15,15,-10.69,5.5,9.13,0,0
119,通榆县,44.8,123.09,2026-04-26,4.88,16.19,10.5,13,13,-11.74,5.67,8.15,0,2
120,延吉市,42.89,129.5,2026-04-26,6,12.49,9.2,72,72,5.95,7.87,15.04,0.9,100
121,图们市,42.97,129.84,2026-04-26,5.33,12.44,8.9,77,77,5.92,5.7,13.43,2.6,100
122,敦化市,43.37,128.23,2026-04-26,4.55,12.06,8.3,53,53,1.41,5.53,11.99,16.1,96
123,珲春市,42.86,130.36,2026-04-26,6.5,12.24,9.4,73,73,7.55,3.67,10.25,3.5,100
124,龙井市,42.76,129.42,2026-04-26,6.2,12.79,9.5,70,70,5.89,7.12,14.88,2.0,100
125,和龙市,42.54,129.0,2026-04-26,5.42,15.07,10.2,79,79,6.61,5.52,17.99,6.5,100
126,汪清县,43.31,129.76,2026-04-26,4.37,9.57,7.0,84,84,4.49,4.4,9.96,5.0,100
127,安图县,43.11,128.9,2026-04-26,4.34,12.93,8.6,81,81,5.83,7.59,17.65,5.4,100
128,海拉尔区,49.23,119.82,2026-04-26,-0.45,9.93,4.7,32,32,-6.15,5.38,5.51,0,36
129,满洲里市,49.58,117.43,2026-04-26,-0.68,9.14,4.2,26,26,-8.65,5.24,8.48,0,89
130,牙克石市,49.28,120.73,2026-04-26,-1.11,9.72,4.3,35,35,-5.26,5.13,5.66,0.2,85
131,扎兰屯市,48.01,122.75,2026-04-26,1.65,12.75,7.2,29,29,-4.91,5.28,8.59,0.1,71
132,额尔古纳市,50.24,120.18,2026-04-26,-0.74,9.82,4.5,42,42,-3.36,4.55,4.8,0.7,72
133,根河市,50.78,121.52,2026-04-26,-2.6,6.9,2.2,52,52,-2.55,3.57,5.95,1.0,100
134,阿荣旗,48.12,123.45,2026-04-26,3.02,12.52,7.8,34,34,-3.6,4.67,7.04,0,72
135,陈巴尔虎旗,49.33,119.43,2026-04-26,0.27,10.31,5.3,27,27,-7.27,4.83,5.34,0,51
136,新巴尔虎左旗,48.22,118.27,2026-04-26,-0.16,10.19,5.0,18,18,-11.91,6.1,6.54,0,52
137,新巴尔虎右旗,48.67,116.82,2026-04-26,2.22,10.42,6.3,22,22,-9.55,6.86,8.65,0,33
138,莫力达瓦达斡尔族自治旗,48.48,124.51,2026-04-26,2.33,10.5,6.4,40,40,-3.55,6.87,9.75,0,100
139,鄂伦春自治旗,50.59,123.72,2026-04-26,-0.98,7.12,3.1,51,51,-2.68,2.58,5.25,1.5,100
140,鄂温克族自治旗,49.15,119.75,2026-04-26,-0.1,10.06,5.0,30,30,-6.74,5.24,5.72,0,34
141,乌兰浩特市,46.07,122.09,2026-04-26,3.27,15.32,9.3,15,15,-10.97,7.01,10.27,0,11
142,阿尔山市,47.17,119.93,2026-04-26,-3.08,6.84,1.9,26,26,-10.65,5.35,6.51,0,60
143,突泉县,45.38,121.56,2026-04-26,4.31,15.9,10.1,16,16,-9.53,5.95,9.34,0,16
144,科尔沁右翼前旗,46.08,121.95,2026-04-26,2.99,15.19,9.1,16,16,-10.37,7,10.06,0,11
145,科尔沁右翼中旗,45.06,121.47,2026-04-26,3.93,16.3,10.1,15,15,-10.24,5.69,8.4,0,17
146,扎赉特旗,46.72,122.89,2026-04-26,3.98,15.12,9.5,18,18,-8.88,5.94,8.28,0,22
147,科尔沁区,43.65,122.24,2026-04-26,5.83,16.67,11.2,15,15,-9.75,5.46,9.84,0,0
148,霍林郭勒市,45.53,119.66,2026-04-26,-0.71,9.99,4.6,43,43,-2.76,6.67,8.06,0.2,55
149,开鲁县,43.6,121.31,2026-04-26,5.97,16.62,11.3,13,13,-11.48,4.37,9.04,0,0
150,科尔沁左翼中旗,44.12,123.31,2026-04-26,5.47,16.46,11.0,14,14,-10.7,5.69,7.99,0,9
151,科尔沁左翼后旗,42.96,122.36,2026-04-26,7.87,16.28,12.1,18,18,-7.82,6.28,10.59,0.7,0
152,库伦旗,42.73,121.81,2026-04-26,8.14,16.5,12.3,17,17,-8.39,6.28,11.59,0.2,0
153,奈曼旗,42.84,120.66,2026-04-26,7.9,15.87,11.9,15,15,-10.38,5.93,9.86,0,0
154,扎鲁特旗,44.56,120.91,2026-04-26,4.26,17.63,10.9,15,15,-9.52,4.67,7.06,0,65
155,赤峰市,42.26,118.89,2026-04-26,7.14,17.51,12.3,18,18,-7.14,4.33,7.86,0,10
156,林西县,43.61,118.06,2026-04-26,3.48,15.11,9.3,20,20,-6.94,8.99,9.47,0.1,18
157,宁城县,41.6,119.34,2026-04-26,7.75,17.14,12.4,20,20,-5.84,8.48,13.1,2.3,89
158,阿鲁科尔沁旗,43.88,120.09,2026-04-26,4.86,17.63,11.2,14,14,-10.7,6.45,6.82,0,9
159,巴林左旗,43.98,119.38,2026-04-26,3.99,18.23,11.1,17,17,-7.24,7.08,8.21,0,36
160,巴林右旗,43.53,118.67,2026-04-26,4.36,16.56,10.5,19,19,-6.88,7.97,9.23,0,31
161,克什克腾旗,43.26,117.54,2026-04-26,3.72,14.19,9.0,21,21,-7.31,6.43,8.41,0,13
162,翁牛特旗,42.94,119.02,2026-04-26,5.28,16.78,11.0,18,18,-7.89,9.05,8.76,0,2
163,喀喇沁旗,41.93,118.7,2026-04-26,5.52,15.69,10.6,23,23,-6.13,5.2,10.41,0.5,74
164,敖汉旗,42.29,119.92,2026-04-26,6.98,15.16,11.1,18,18,-9.1,6.5,10.08,0,7
165,沈阳市,41.79,123.45,2026-04-26,12.15,17.72,14.9,37,37,0.64,4.89,11.71,6.8,60
166,新民市,41.98,122.83,2026-04-26,11.52,18.57,15.0,23,23,-3.56,5.78,10.62,4.1,13
167,康平县,42.5,123.43,2026-04-26,10.65,17.32,14.0,23,23,-4.34,7.21,10.75,10.3,25
168,法库县,42.5,123.43,2026-04-26,10.65,17.32,14.0,23,23,-4.34,7.21,10.75,10.3,25
169,大连市,38.92,121.64,2026-04-26,12.97,18.22,15.6,62,62,10.51,6.02,14.3,0,32
170,瓦房店市,39.62,122.0,2026-04-26,12.53,19.48,16.0,51,51,7.91,6.33,14.1,0,94
171,庄河市,39.68,122.96,2026-04-26,9.21,18.72,14.0,49,49,7.09,5.43,8.33,0,96
172,长海县,39.28,122.59,2026-04-26,10.02,11.56,10.8,80,80,7.67,8.97,17.83,0,61
173,鞍山市,41.10,122.99,2026-04-26,11.68,19.59,15.6,49,49,4.3,7.03,14.22,4.0,87
174,海城市,40.85,122.75,2026-04-26,11.69,20.02,15.9,50,50,4.77,8.79,16.42,1.7,89
175,台安县,41.38,122.43,2026-04-26,12.02,19.55,15.8,23,23,-3.01,6.14,16.46,3.0,61
176,岫岩满族自治县,40.29,123.28,2026-04-26,9.96,18.17,14.1,50,50,7.59,6.75,7.14,0,100
177,抚顺市,41.88,123.96,2026-04-26,9.86,17.31,13.6,50,50,3.88,5.08,10.31,11.2,89
178,抚顺县,41.88,123.91,2026-04-26,10.34,17.6,14.0,48,48,3.69,5.01,10.62,10.7,88
179,新宾满族自治县,41.73,125.03,2026-04-26,5.96,13.1,9.5,77,77,6.63,2.88,6.64,11.5,99
180,清原满族自治县,42.1,124.92,2026-04-26,7.05,13.98,10.5,71,71,5.82,3.98,14.36,21.7,96
181,本溪市,41.29,123.77,2026-04-26,10.21,16.65,13.4,71,71,8.28,3.14,8.82,5.5,94
182,本溪满族自治县,41.3,124.11,2026-04-26,8.36,15.48,11.9,83,83,9.72,2.88,5.96,4.5,99
183,桓仁满族自治县,41.26,125.35,2026-04-26,6.99,16.12,11.6,57,57,7.22,3.71,7.06,0.8,100
184,丹东市,40.00,124.35,2026-04-26,9.54,19.41,14.5,42,42,5.24,5.07,10.36,0,95
185,东港市,39.86,124.15,2026-04-26,9.05,14,11.5,70,70,7.71,6.59,9.22,0,89
186,凤城市,40.45,124.06,2026-04-26,8.14,18.35,13.2,50,50,7.58,6.6,7.41,0,100
187,宽甸满族自治县,40.73,124.78,2026-04-26,7.38,16.75,12.1,48,48,5.39,5.93,5.91,0,99
188,锦州市,41.09,121.12,2026-04-26,13.36,21.79,17.6,17,17,-4.92,6.6,10.9,2.0,14
189,凌海市,41.16,121.35,2026-04-26,12.59,20.97,16.8,18,18,-4.75,6.09,9.19,2.1,23
190,北镇市,41.6,121.8,2026-04-26,11.85,19.42,15.6,20,20,-4.63,5.6,9.82,2.8,7
191,黑山县,41.67,122.12,2026-04-26,11.93,19.61,15.8,19,19,-5.11,6.88,11.49,2.1,13
192,义县,41.53,121.23,2026-04-26,11.73,20.01,15.9,19,19,-4.79,6.6,11.72,3.3,16
193,营口市,40.66,122.23,2026-04-26,9.77,17.66,13.7,49,49,4.04,11.52,20.54,0.1,89
194,盖州市,40.4,122.35,2026-04-26,12.14,18.1,15.1,54,54,6.48,7.23,17.41,0,100
195,大石桥市,40.63,122.51,2026-04-26,12.16,19.77,16.0,50,50,5.04,9.48,18.51,0,93
196,阜新市,42.02,121.67,2026-04-26,10.46,18.77,14.6,18,18,-6.27,5.16,11.41,1.9,25
197,阜新蒙古族自治县,42.06,121.75,2026-04-26,10.43,18.37,14.4,19,19,-5.98,5.39,11.25,2.0,19
198,彰武县,42.38,122.54,2026-04-26,10.6,18.04,14.3,20,20,-5.51,6.91,10.11,5.5,15
199,辽阳市,41.26,123.23,2026-04-26,11.95,18.69,15.3,50,50,4.55,5.71,10.33,4.7,88
200,灯塔市,41.42,123.33,2026-04-26,11.33,17.84,14.6,47,47,3.33,4.98,8.66,8.4,85
201,辽阳县,41.2,123.1,2026-04-26,11.91,19.21,15.6,49,49,4.16,6.04,12.8,4.3,87
202,盘锦市,41.12,122.07,2026-04-26,12.08,20.21,16.1,21,21,-3.7,7.35,18.45,2.7,69
203,盘山县,41.24,121.99,2026-04-26,12.22,20.15,16.2,20,20,-4.07,6.44,14.49,2.1,56
204,铁岭市,42.22,123.72,2026-04-26,11.09,17.8,14.4,32,32,-0.05,6.76,12.89,10.0,81
205,调兵山市,42.47,123.55,2026-04-26,10.76,17.25,14.0,24,24,-3.86,6.88,9.59,10.3,33
206,开原市,42.54,124.03,2026-04-26,11.07,17.33,14.2,28,28,-1.87,5.37,11.03,10.3,52
207,铁岭县,42.22,123.72,2026-04-26,11.09,17.8,14.4,32,32,-0.05,6.76,12.89,10.0,81
208,西丰县,42.74,124.72,2026-04-26,8.68,15.5,12.1,33,33,-1.15,6.58,13.75,9.7,69
209,昌图县,42.78,124.1,2026-04-26,10.31,16.6,13.5,26,26,-3.31,5.64,10.15,10.7,36
210,朝阳市,41.54,120.45,2026-04-26,11.33,19.67,15.5,17,17,-6.28,6.52,11.76,4.0,28
211,北票市,41.8,120.77,2026-04-26,10,18.75,14.4,18,18,-6.27,7.44,12.53,2.3,4
212,凌源市,41.24,119.4,2026-04-26,8.42,17.94,13.2,19,19,-5.83,8.05,13.49,2.1,87
213,朝阳县,41.57,120.45,2026-04-26,11.29,19.65,15.5,17,17,-6.3,6.44,11.69,3.9,23
214,建平县,41.4,119.64,2026-04-26,9.42,18.56,14.0,20,20,-5.34,5.7,10.59,2.6,73
215,喀喇沁左翼蒙古族自治县,41.12,119.74,2026-04-26,10.94,19.53,15.2,20,20,-4.63,8.86,15.37,2.0,90
216,葫芦岛市,40.56,120.38,2026-04-26,11.97,21.16,16.6,22,22,-2.1,6.62,11.4,1.4,93
217,兴城市,40.61,120.73,2026-04-26,11.27,15.84,13.6,41,41,2.33,6.06,10.28,1.0,92
218,绥中县,40.32,120.34,2026-04-26,12.09,19.15,15.6,29,29,0.44,7.56,15.75,1.5,100
219,建昌县,40.81,119.8,2026-04-26,10.45,18.78,14.6,23,23,-3.45,6.69,14.44,2.3,71
